{
    "version": 1,
    "license": "CC-BY-SA-3.0",
    "copyright": "Taken/modified from pireamaineach at https://github.com/tgstation/tgstation/pull/43407/commits/b92e11e94466be5bcb465b781decf83764401ac1, Inhands modified by Seam_Lesss (Github)",
    "size": {
        "x": 32,
        "y": 32
    },
    "states": [
        {
            "name": "icon"
        },
        {
            "name": "base"
        },
        {
            "name": "mag-0"
        },
        {
            "name": "inhand-left",
            "directions": 4
        },
        {
            "name": "inhand-right",
            "directions": 4
        },
        {
            "name": "equipped-BELT",
            "directions": 4
        },
		{
            "name": "equipped-SUITSTORAGE",
            "directions": 4
        }
    ]
}
